{
  "IcoMoonType": "selection",
  "icons": [
    {
      "icon": {
        "paths": [
          "M438.857 365.714c0-80.571-65.714-146.286-146.286-146.286s-146.286 65.714-146.286 146.286 65.714 146.286 146.286 146.286 146.286-65.714 146.286-146.286zM585.143 365.714c0 34.857-4 70.857-18.857 102.286l-208 442.286c-12 25.143-38.286 40.571-65.714 40.571s-53.714-15.429-65.143-40.571l-208.571-442.286c-14.857-31.429-18.857-67.429-18.857-102.286 0-161.714 130.857-292.571 292.571-292.571s292.571 130.857 292.571 292.571z"
        ],
        "width": 585.1428571428571,
        "attrs": [],
        "isMulticolor": false,
        "isMulticolor2": false,
        "tags": [
          "map-marker"
        ],
        "defaultCode": 61505,
        "grid": 14
      },
      "attrs": [],
      "properties": {
        "name": "map-marker",
        "id": 65,
        "order": 7,
        "prevSize": 28,
        "code": 61505
      },
      "setIdx": 0,
      "setId": 1,
      "iconIdx": 65
    },
    {
      "icon": {
        "paths": [
          "M438.857 658.286h219.429v-54.857h-73.143v-256h-65.143l-84.571 78.286 44 45.714c13.714-12 22.286-18.286 31.429-32.571h1.143v164.571h-73.143v54.857zM731.429 512c0 104-62.857 237.714-182.857 237.714s-182.857-133.714-182.857-237.714 62.857-237.714 182.857-237.714 182.857 133.714 182.857 237.714zM1024 658.286v-292.571c-80.571 0-146.286-65.714-146.286-146.286h-658.286c0 80.571-65.714 146.286-146.286 146.286v292.571c80.571 0 146.286 65.714 146.286 146.286h658.286c0-80.571 65.714-146.286 146.286-146.286zM1097.143 182.857v658.286c0 20-16.571 36.571-36.571 36.571h-1024c-20 0-36.571-16.571-36.571-36.571v-658.286c0-20 16.571-36.571 36.571-36.571h1024c20 0 36.571 16.571 36.571 36.571z"
        ],
        "width": 1097.142857142857,
        "attrs": [],
        "isMulticolor": false,
        "isMulticolor2": false,
        "tags": [
          "money"
        ],
        "defaultCode": 61654,
        "grid": 14
      },
      "attrs": [],
      "properties": {
        "name": "money",
        "id": 190,
        "order": 10,
        "prevSize": 28,
        "code": 61654
      },
      "setIdx": 0,
      "setId": 1,
      "iconIdx": 190
    },
    {
      "icon": {
        "paths": [
          "M810.667 128h-85.333v-42.667c0-25.6-17.067-42.667-42.667-42.667s-42.667 17.067-42.667 42.667v42.667h-256v-42.667c0-25.6-17.067-42.667-42.667-42.667s-42.667 17.067-42.667 42.667v42.667h-85.333c-72.533 0-128 55.467-128 128v597.333c0 72.533 55.467 128 128 128h597.333c72.533 0 128-55.467 128-128v-597.333c0-72.533-55.467-128-128-128zM213.333 213.333h85.333v42.667c0 25.6 17.067 42.667 42.667 42.667s42.667-17.067 42.667-42.667v-42.667h256v42.667c0 25.6 17.067 42.667 42.667 42.667s42.667-17.067 42.667-42.667v-42.667h85.333c25.6 0 42.667 17.067 42.667 42.667v128h-682.667v-128c0-25.6 17.067-42.667 42.667-42.667zM810.667 896h-597.333c-25.6 0-42.667-17.067-42.667-42.667v-384h682.667v384c0 25.6-17.067 42.667-42.667 42.667z"
        ],
        "attrs": [],
        "isMulticolor": false,
        "isMulticolor2": false,
        "tags": [
          "calendar"
        ],
        "grid": 24
      },
      "attrs": [],
      "properties": {
        "id": 39,
        "order": 2,
        "prevSize": 24,
        "code": 59648,
        "name": "calendar"
      },
      "setIdx": 1,
      "setId": 0,
      "iconIdx": 38
    },
    {
      "icon": {
        "paths": [
          "M512 42.667c-260.267 0-469.333 209.067-469.333 469.333s209.067 469.333 469.333 469.333 469.333-209.067 469.333-469.333-209.067-469.333-469.333-469.333zM512 896c-213.333 0-384-170.667-384-384s170.667-384 384-384c213.333 0 384 170.667 384 384s-170.667 384-384 384z",
          "M699.733 558.933l-145.067-72.533v-230.4c0-25.6-17.067-42.667-42.667-42.667s-42.667 17.067-42.667 42.667v256c0 17.067 8.533 29.867 25.6 38.4l170.667 85.333c4.267 4.267 8.533 4.267 17.067 4.267 17.067 0 29.867-8.533 38.4-25.6s0-42.667-21.333-55.467z"
        ],
        "attrs": [],
        "isMulticolor": false,
        "isMulticolor2": false,
        "tags": [
          "clock"
        ],
        "grid": 24
      },
      "attrs": [],
      "properties": {
        "id": 57,
        "order": 8,
        "prevSize": 24,
        "code": 59653,
        "name": "clock"
      },
      "setIdx": 1,
      "setId": 0,
      "iconIdx": 56
    },
    {
      "icon": {
        "paths": [
          "M891.733 401.067c4.267-8.533 4.267-21.333 0-34.133-4.267-4.267-4.267-8.533-8.533-12.8l-213.333-213.333c-17.067-17.067-42.667-17.067-59.733 0s-17.067 42.667 0 59.733l140.8 140.8h-409.6c-119.467 0-213.333 93.867-213.333 213.333v298.667c0 25.6 17.067 42.667 42.667 42.667s42.667-17.067 42.667-42.667v-298.667c0-72.533 55.467-128 128-128h409.6l-140.8 140.8c-17.067 17.067-17.067 42.667 0 59.733 8.533 8.533 21.333 12.8 29.867 12.8s21.333-4.267 29.867-12.8l213.333-213.333c4.267-4.267 8.533-8.533 8.533-12.8z"
        ],
        "attrs": [],
        "isMulticolor": false,
        "isMulticolor2": false,
        "tags": [
          "corner-up-right"
        ],
        "grid": 24
      },
      "attrs": [],
      "properties": {
        "id": 76,
        "order": 6,
        "prevSize": 24,
        "code": 59649,
        "name": "corner-up-right"
      },
      "setIdx": 1,
      "setId": 0,
      "iconIdx": 75
    },
    {
      "icon": {
        "paths": [
          "M512 42.667c-260.267 0-469.333 209.067-469.333 469.333s209.067 469.333 469.333 469.333 469.333-209.067 469.333-469.333-209.067-469.333-469.333-469.333zM512 896c-213.333 0-384-170.667-384-384s170.667-384 384-384c213.333 0 384 170.667 384 384s-170.667 384-384 384z",
          "M512 469.333c-25.6 0-42.667 17.067-42.667 42.667v170.667c0 25.6 17.067 42.667 42.667 42.667s42.667-17.067 42.667-42.667v-170.667c0-25.6-17.067-42.667-42.667-42.667z",
          "M482.133 311.467c-8.533 8.533-12.8 17.067-12.8 29.867s4.267 21.333 12.8 29.867c8.533 8.533 17.067 12.8 29.867 12.8s21.333-4.267 29.867-12.8c8.533-8.533 12.8-17.067 12.8-29.867s-4.267-21.333-12.8-29.867c-17.067-17.067-42.667-17.067-59.733 0z"
        ],
        "attrs": [],
        "isMulticolor": false,
        "isMulticolor2": false,
        "tags": [
          "info"
        ],
        "grid": 24
      },
      "attrs": [],
      "properties": {
        "id": 123,
        "order": 11,
        "prevSize": 24,
        "code": 59655,
        "name": "info"
      },
      "setIdx": 1,
      "setId": 0,
      "iconIdx": 122
    },
    {
      "icon": {
        "paths": [
          "M1002.667 46.933c-12.8-8.533-29.867-8.533-42.667 0l-277.333 162.133-324.267-162.133c0 0 0 0 0 0s0 0-4.267 0c-4.267-4.267-8.533-4.267-12.8-4.267 0 0 0 0 0 0s0 0 0 0c-4.267 0-8.533 0-17.067 4.267 0 0 0 0-4.267 0 0 0-4.267 0-4.267 0l-298.667 170.667c-8.533 8.533-17.067 21.333-17.067 38.4v682.667c0 17.067 8.533 29.867 21.333 38.4s29.867 8.533 42.667 0l277.333-162.133 320 162.133c0 0 0 0 0 0 8.533 4.267 12.8 4.267 21.333 4.267 4.267 0 8.533 0 12.8-4.267 0 0 4.267 0 4.267 0s0 0 4.267 0l298.667-170.667c12.8-8.533 21.333-21.333 21.333-38.4v-682.667c0-17.067-8.533-29.867-21.333-38.4zM384 153.6l256 128v588.8l-256-128v-588.8zM85.333 281.6l213.333-123.733v584.533l-213.333 123.733v-584.533zM938.667 742.4l-213.333 123.733v-584.533l213.333-123.733v584.533z"
        ],
        "attrs": [],
        "isMulticolor": false,
        "isMulticolor2": false,
        "tags": [
          "map"
        ],
        "grid": 24
      },
      "attrs": [],
      "properties": {
        "id": 138,
        "order": 4,
        "prevSize": 24,
        "code": 59650,
        "name": "map"
      },
      "setIdx": 1,
      "setId": 0,